{
  "Art": {
    "Art": 0.2922688447392333,
    "Political Sci": 0.037860333711492944,
    "Philosophy": 0.06012678350590208,
    "Chemistry": 0.015680648667537087,
    "Biology": 0.021190210321320773,
    "Engineering": 0.019755026264165386,
    "Environmental Sci": 0.0027348724766166027,
    "Computer Sci": 0.050114963294350605,
    "History": 0.1746396142890847,
    "Psychology": 0.09454208120110941,
    "Sociology": 0.12084606328715983,
    "Business": 0.00570389092363454,
    "Geography": 0.03529304794465597,
    "Geology": 0.009837102152419518,
    "Medicine": 0.021768443897971786,
    "Mathematics": 0.011594979767767608,
    "Materials Sci": 0.01197472412077891,
    "Economics": 0.008311587670134681,
    "Physics": 0.005756781764664283
  },
  "Engineering": {
    "Engineering": 0.3175523357624718,
    "Psychology": 0.0262256605303516,
    "Computer Sci": 0.2758037802138271,
    "Materials Sci": 0.10307522271925885,
    "Art": 0.001828628628057551,
    "Environmental Sci": 0.026654346618343934,
    "Mathematics": 0.057293340656488126,
    "Physics": 0.025541579729008133,
    "Medicine": 0.01661795760007476,
    "Geology": 0.023351020484348926,
    "Chemistry": 0.027541143291472,
    "Business": 0.035010221679634634,
    "Political Sci": 0.009304435273206612,
    "Economics": 0.01842475815016713,
    "Sociology": 0.013657090444951107,
    "Geography": 0.01021603658038602,
    "Biology": 0.009280374778176809,
    "Philosophy": 0.000610814113514315,
    "History": 0.002011252746260562
  },
  "Chemistry": {
    "Chemistry": 0.6380918046019464,
    "Medicine": 0.05206110055304413,
    "Biology": 0.1513908402873084,
    "Environmental Sci": 0.014816302269112512,
    "Materials Sci": 0.09668023083548702,
    "Business": 0.0009121850165742207,
    "Geology": 0.004340652032354533,
    "Psychology": 0.0021716524010257756,
    "Physics": 0.02110971152311278,
    "Computer Sci": 0.008062978262871667,
    "Engineering": 0.003475236179126268,
    "Mathematics": 0.0052885538224464665,
    "Geography": 0.0007113296518251051,
    "Art": 0.00013727225077270376,
    "Political Sci": 0.00022696626795914052,
    "Philosophy": 0.00017571534582746343,
    "History": 0.00014142057455029646,
    "Economics": 0.00013143713813046346,
    "Sociology": 7.461098652464585e-5
  },
  "Materials Sci": {
    "Materials Sci": 0.648410589798131,
    "Geology": 0.010332570532835605,
    "Chemistry": 0.20141069553845833,
    "Environmental Sci": 0.010045741451155908,
    "Medicine": 0.010665517776240701,
    "Biology": 0.00689983887179206,
    "Physics": 0.05613280419440041,
    "Psychology": 0.0002773402935793159,
    "Sociology": 4.287947357137978e-5,
    "Engineering": 0.021788006243811966,
    "Computer Sci": 0.02129779638458486,
    "Art": 0.00024237761327332337,
    "Mathematics": 0.011233127863086346,
    "Geography": 0.0002336969189033812,
    "Economics": 0.00012803235041631064,
    "Business": 0.0005484431136768115,
    "Philosophy": 0.00010505849818924188,
    "History": 9.680710361359504e-5,
    "Political Sci": 0.00010867598027940687
  },
  "Physics": {
    "Physics": 0.7325242240092062,
    "Chemistry": 0.04496677943258104,
    "Materials Sci": 0.08873787174105387,
    "Mathematics": 0.05977227944919577,
    "Computer Sci": 0.03208745583801648,
    "Environmental Sci": 0.005246181145076837,
    "Engineering": 0.010953926792586685,
    "Geology": 0.012282340556552529,
    "Biology": 0.0055613830112931206,
    "Psychology": 0.0019880311843910176,
    "History": 0.0002980060951874038,
    "Geography": 0.0006658690908163389,
    "Medicine": 0.003473133873078529,
    "Philosophy": 0.0005685783897170996,
    "Political Sci": 0.00014427384281544286,
    "Art": 0.00018363730156076554,
    "Business": 0.00011229471003803942,
    "Economics": 0.00023363595487741422,
    "Sociology": 0.00020009758195539042
  },
  "Geography": {
    "Business": 0.0342451528177992,
    "Engineering": 0.0201818711756074,
    "Sociology": 0.036613175703460156,
    "Political Sci": 0.03201299380596709,
    "Economics": 0.042705941231801756,
    "Computer Sci": 0.05728120707650112,
    "Psychology": 0.025617851657703746,
    "Biology": 0.21000689517383886,
    "Environmental Sci": 0.10535470340115854,
    "Mathematics": 0.02731647904878182,
    "Physics": 0.003789878349746289,
    "Geography": 0.26536380266205467,
    "Geology": 0.05556607644651163,
    "History": 0.0220493140903009,
    "Materials Sci": 0.0020578058565553824,
    "Medicine": 0.04269618184134916,
    "Chemistry": 0.010048937312035785,
    "Art": 0.00571933177343915,
    "Philosophy": 0.0013724005753873436
  },
  "Medicine": {
    "Medicine": 0.7320861747664623,
    "Biology": 0.13275187686439907,
    "Chemistry": 0.049168783939531696,
    "Geography": 0.0022362181326590425,
    "Psychology": 0.0493406636686313,
    "Computer Sci": 0.008791442907613538,
    "Engineering": 0.0015664428042276677,
    "Political Sci": 0.0023352497009902088,
    "Mathematics": 0.00586531752016275,
    "Sociology": 0.003404768368287248,
    "Economics": 0.0013596633843614375,
    "History": 0.0005423832016226785,
    "Materials Sci": 0.005530585366726692,
    "Business": 0.002256307821523711,
    "Geology": 0.00023062440607601428,
    "Philosophy": 0.00022839349834849663,
    "Physics": 0.001219838074727092,
    "Art": 0.00019684592883165516,
    "Environmental Sci": 0.0008884196448174495
  },
  "Geology": {
    "Geology": 0.6711722999704844,
    "Physics": 0.03547609928337651,
    "Environmental Sci": 0.06509842753745365,
    "Computer Sci": 0.025959231901607017,
    "Materials Sci": 0.052477333446280264,
    "Engineering": 0.026126294199972484,
    "Geography": 0.02929697095132486,
    "Chemistry": 0.03946996447522712,
    "Biology": 0.024520307335374178,
    "Psychology": 0.0005400048449880449,
    "History": 0.0026538901193836374,
    "Medicine": 0.0020289332189473556,
    "Mathematics": 0.022360650740000425,
    "Economics": 0.0003227573466068955,
    "Art": 0.000984597345849885,
    "Sociology": 0.00037744712180471057,
    "Business": 0.0005426652652298402,
    "Philosophy": 0.00018311551596084357,
    "Political Sci": 0.00040900938012782776
  },
  "Environmental Sci": {
    "Environmental Sci": 0.4233243821354533,
    "Biology": 0.1072711661069005,
    "Geography": 0.05329293833547615,
    "Chemistry": 0.13509544099531898,
    "Materials Sci": 0.05115004782757846,
    "Geology": 0.07686686722684102,
    "Engineering": 0.037087166101137804,
    "Political Sci": 0.0027254211600200562,
    "Computer Sci": 0.03279235317282498,
    "Mathematics": 0.028803212302196266,
    "Art": 0.00022142038294311684,
    "Business": 0.010617207101033688,
    "Sociology": 0.0010720270642643847,
    "Psychology": 0.001557810972488185,
    "Economics": 0.009215348998363673,
    "Philosophy": 0.000159166679180206,
    "Medicine": 0.010833640538415023,
    "Physics": 0.01698747595114766,
    "History": 0.0009269069484165312
  },
  "Computer Sci": {
    "Computer Sci": 0.5932477031790874,
    "Engineering": 0.09056872938543437,
    "Materials Sci": 0.030583456448912947,
    "Art": 0.0009183876168349845,
    "Economics": 0.008923394743527983,
    "Mathematics": 0.1122952557175025,
    "Psychology": 0.035181071173879516,
    "Medicine": 0.019477505655578056,
    "Environmental Sci": 0.007627967341341915,
    "History": 0.001155540893812555,
    "Philosophy": 0.0011901848783800306,
    "Political Sci": 0.0029838910339593052,
    "Sociology": 0.006896504466142077,
    "Physics": 0.02380709007192596,
    "Geography": 0.006791411721776452,
    "Biology": 0.020431945183720397,
    "Chemistry": 0.01516298156196366,
    "Business": 0.016525884602055684,
    "Geology": 0.006231094324164273
  },
  "Mathematics": {
    "Biology": 0.01883747218187048,
    "Medicine": 0.01251957254621898,
    "Environmental Sci": 0.011169536849643188,
    "History": 0.0010115077410008382,
    "Mathematics": 0.6229449040752382,
    "Geography": 0.00415829584726216,
    "Computer Sci": 0.1562620890936704,