{
"Medicine": {
"Medicine": 0.5576314146690922,
"Chemistry": 0.019873700017799503,
"Psychology": 0.07539173550393095,
"Biology": 0.2865223857177834,
"Physics": 0.006672319140199237,
"Engineering": 0.006229316174511208,
"Mathematics": 0.0006619719988938536,
"Agricultural And Food Sci": 0.0061505173674017985,
"Environmental Sci": 0.0034635366186360314,
"Computer Sci": 0.0033534870384403803,
"Political Sci": 0.013099187059547573,
"Business": 0.002234226990593276,
"Education": 0.006488804401928079,
"Economics": 0.0029648059788689647,
"Materials Sci": 0.005287293146240319,
"Linguistics": 0.00015786636397634147,
"Sociology": 0.0012545100860750346,
"Geology": 0.0002576758893084524,
"Geography": 0.000114804383597968,
"Art": 0.0005187421601733394,
"Law": 0.000529581733726737,
"History": 0.0005962041095145614,
"Philosophy": 0.0005459134497607817
},
"Psychology": {
"Medicine": 0.24979703656395086,
"Chemistry": 0.00568553608760406,
"Psychology": 0.45355605949473493,
"Biology": 0.16488508450646736,
"Physics": 0.0031799738212889435,
"Engineering": 0.0016534718906985988,
"Mathematics": 0.0012377011232326774,
"Agricultural And Food Sci": 0.0014860558545881186,
"Environmental Sci": 0.003733047148256092,
"Computer Sci": 0.012124514152566043,
"Political Sci": 0.010553633242150471,
"Business": 0.019005373742919433,
"Education": 0.03215721357161797,
"Economics": 0.008804235732763049,
"Materials Sci": 0.00038791463802135005,
"Linguistics": 0.005709133510542067,
"Sociology": 0.009687533351140778,
"Geology": 0.0004202156469345202,
"Geography": 0.00016601973889521335,
"Art": 0.004009467453638394,
"Law": 0.005338137340445699,
"History": 0.0014925951798796177,
"Philosophy": 0.004930046207663745
},
"Biology": {
"Medicine": 0.2311511012297669,
"Chemistry": 0.07786908243488279,
"Psychology": 0.04229027210459013,
"Biology": 0.5771851615681884,
"Physics": 0.004788545460507467,
"Engineering": 0.011730450739792052,
"Mathematics": 0.0007458816329855987,
"Agricultural And Food Sci": 0.01784138926523326,
"Environmental Sci": 0.018497793501055522,
"Computer Sci": 0.006754626882936135,
"Political Sci": 0.0007188021104310136,
"Business": 0.0006207467936793586,
"Education": 0.0012796518189059922,
"Economics": 0.0007388190222312919,
"Materials Sci": 0.004948521806430603,
"Linguistics": 0.0002407698578454344,
"Sociology": 0.0002481927518190157,
"Geology": 0.00045305614823764045,
"Geography": 0.0006328533695035079,
"Art": 0.00043068679894680526,
"Law": 9.033042066779946e-05,
"History": 0.0003876594456566886,
"Philosophy": 0.0003556048357065339
},
"Mathematics": {
"Medicine": 0.015840257091006754,
"Chemistry": 0.0059558438470951654,
"Psychology": 0.011030729417583955,
"Biology": 0.017181418569633355,
"Physics": 0.08691290781653792,
"Engineering": 0.042753311621642906,
"Mathematics": 0.5135639429443842,
"Agricultural And Food Sci": 0.0043386203305618345,
"Environmental Sci": 0.048187571878680016,
"Computer Sci": 0.1789307925645295,
"Political Sci": 0.0012338206536921502,
"Business": 0.01555326634986402,
"Education": 0.003614481459978939,
"Economics": 0.03331195998358,
"Materials Sci": 0.006325248987298452,
"Linguistics": 0.0005240537764059178,
"Sociology": 0.001148861214151982,
"Geology": 0.006816890924655125,
"Geography": 0.00047195530070551515,
"Art": 0.0013483474752749318,
"Law": 0.0003896906099084714,
"History": 0.0006885831580000054,
"Philosophy": 0.003877444024828816
},
"Engineering": {
"Medicine": 0.050208607333982254,
"Chemistry": 0.044272786773751384,
"Psychology": 0.0037626514353524126,
"Biology": 0.11330285001878772,
"Physics": 0.1038604308018627,
"Engineering": 0.4135929086246018,
"Mathematics": 0.021967436393273355,
"Agricultural And Food Sci": 0.016755564071027275,
"Environmental Sci": 0.03925118815426688,
"Computer Sci": 0.06653872016244089,
"Political Sci": 0.0013705761048772,
"Business": 0.018868756301200308,
"Education": 0.0033923209141008518,
"Economics": 0.007021459114867169,
"Materials Sci": 0.08257676884854327,
"Linguistics": 0.00023788942884211294,
"Sociology": 0.0006321854811010976,
"Geology": 0.009235937247139997,
"Geography": 0.0004311272893861835,
"Art": 0.0013468628426172226,
"Law": 0.00023025829923185428,
"History": 0.000890067208178351,
"Philosophy": 0.00025264715056773715
},
"Political Sci": {
"Medicine": 0.282099253466163,
"Chemistry": 0.0018504668903181693,
"Psychology": 0.06517565664983345,
"Biology": 0.017661029477521285,
"Physics": 0.0017868378004278344,
"Engineering": 0.0033914938036820985,
"Mathematics": 0.0012301624045464726,
"Agricultural And Food Sci": 0.002582201424057019,
"Environmental Sci": 0.013139248781035999,
"Computer Sci": 0.011725005203498333,
"Political Sci": 0.2935944341957291,
"Business": 0.04507567034116747,
"Education": 0.02966524292621004,
"Economics": 0.11513620503128826,
"Materials Sci": 0.0008545608366117352,
"Linguistics": 0.001169540659700706,
"Sociology": 0.05451651784265729,
"Geology": 0.0015685678627194472,
"Geography": 0.0012488396000864216,
"Art": 0.010386261814711141,
"Law": 0.018657568656500256,
"History": 0.02110159048982528,
"Philosophy": 0.006383643841709185
},
"Chemistry": {
"Medicine": 0.07074455405571817,
"Chemistry": 0.40755531534463274,
"Psychology": 0.00720679045982544,
"Biology": 0.3398504374301859,
"Physics": 0.04899695268807612,
"Engineering": 0.01897355129519434,
"Mathematics": 0.0010801954911080517,
"Agricultural And Food Sci": 0.013720886521104321,
"Environmental Sci": 0.01338614174475808,
"Computer Sci": 0.005266567848400878,
"Political Sci": 0.00025051316921610245,
"Business": 0.0004231413558091636,
"Education": 0.000574567849908201,
"Economics": 0.00038722342773930677,
"Materials Sci": 0.06843113009007466,
"Linguistics": 4.3196713051434654e-05,
"Sociology": 6.993186878758429e-05,
"Geology": 0.0020587854904977844,
"Geography": 0.0003284973178470671,
"Art": 0.0002584464498499747,
"Law": 5.111016048372227e-05,
"History": 0.00024103289885862503,
"Philosophy": 0.0001010303288723637
},
"Education": {
"Medicine": 0.10513215333348304,
"Chemistry": 0.003589951009447693,
"Psychology": 0.13188973705113535,
"Biology": 0.019847153236870183,
"Physics": 0.013203191462138988,
"Engineering": 0.0066371727631120625,
"Mathematics": 0.004796436708916949,
"Agricultural And Food Sci": 0.0024268105380082818,
"Environmental Sci": 0.007593509495999445,
"Computer Sci": 0.0416824424148201,
"Political Sci": 0.022927536701135696,
"Business": 0.04411695586985778,
"Education": 0.4696700905915266,
"Economics": 0.030776809154094375,
"Materials Sci": 0.0027295743446384304,
"Linguistics": 0.01576904618042373,
"Sociology": 0.03940472901660122,
"Geology": 0.0017462121231902714,
"Geography": 0.0007269464749101631,
"Art": 0.015309090643227517,
"Law": 0.005131187204906471,
"History": 0.007553036542116156,
"Philosophy": 0.00734022713943951
},
"History": {
"Medicine": 0.033445093252766206,
"Chemistry": 0.002438326482364758,
"Psychology": 0.03604997424719926,
"Biology": 0.01818680548840532,
"Physics": 0.005545633765572551,
"Engineering": 0.004425140259027787,
"Mathematics": 0.003014952411586984,
"Agricultural And Food Sci": 0.005322245486352989,
"Environmental Sci": 0.035184838013896644,
"Computer Sci": 0.012149007086460342,
"Political Sci": 0.09582528352748249,
"Business": 0.03773051716754713,
"Education": 0.04175624234076185,
"Economics": 0.15820310572856747,
"Materials Sci": 0.0025018697914713827,
"Linguistics": 0.01035637534756414,
"Sociology": 0.10035225095265629,
"Geology": 0.005687718183450718,
"Geography": 0.0083186479878281,
"Art": 0.07124507391349821,
"Law": 0.027867490493171068,
"History": 0.26240821247935336,
"Philosophy": 0.021985195593014973
},
"Materials Sci": {
"Medicine": 0.033186520024194095,
"Chemistry": 0.15641897436294006,
"Psychology": 0.0006786457471726927,
"Biology": 0.040007852417016515,
"Physics": 0.13604079981638606,
"Engineering": 0.07051800023563316,
"Mathematics": 0.002952440059234801,
"Agricultural And Food Sci": 0.007270106920948309,
"Environmental Sci": 0.010213297544588218,
"Computer Sci": 0.00657518621059772,