{
"Medicine": {
"Medicine": 0.5499697433779837,
"Psychology": 0.07295174752839916,
"Biology": 0.2965076372705201,
"Mathematics": 0.0014382072975582289,
"Engineering": 0.005410653905824135,
"Political Sci": 0.012112877296895858,
"Chemistry": 0.024242378439217737,
"Education": 0.005472772445151131,
"History": 0.0005759217748982082,
"Materials Sci": 0.004462442267987833,
"Economics": 0.0033117133178029736,
"Computer Sci": 0.003951262419307236,
"Environmental Sci": 0.0027135335323691077,
"Physics": 0.0067506337144443915,
"Agricultural And Food Sci": 0.004287688000841767,
"Business": 0.0022166735701613744,
"Philosophy": 0.0006026653692364716,
"Law": 0.00042961698320321493,
"Sociology": 0.0014117287604446648,
"Geology": 0.0003475443922937181,
"Art": 0.0005825550018547889,
"Linguistics": 0.00015755952923607693,
"Geography": 9.244380436824909e-05
},
"Chemistry": {
"Biology": 0.31411404831473605,
"Chemistry": 0.43918870281805467,
"Physics": 0.06401250707646895,
"Medicine": 0.06163858791039031,
"Materials Sci": 0.0661428213101611,
"Psychology": 0.005221583456852732,
"Agricultural And Food Sci": 0.009595016524441965,
"Environmental Sci": 0.010495080967115428,
"Computer Sci": 0.00847564779933143,
"Business": 0.000359765031309154,
"Engineering": 0.015003439279322656,
"Education": 0.0005876824728751742,
"Economics": 0.0003746403632043106,
"Political Sci": 0.0002498671051526953,
"Philosophy": 7.989079112657386e-05,
"Geology": 0.001953669667437163,
"Mathematics": 0.0017005325539799292,
"History": 0.00013203994317281256,
"Geography": 0.0001992140353372913,
"Art": 0.0003755380125428115,
"Sociology": 4.481834911514858e-05,
"Linguistics": 2.985752680680141e-05,
"Law": 2.504869106483268e-05
},
"Psychology": {
"Medicine": 0.2522613377007133,
"Psychology": 0.44938107584237635,
"Biology": 0.18404150886274767,
"Physics": 0.0039981079093470455,
"Political Sci": 0.00949437070750379,
"Education": 0.023292613571842206,
"Economics": 0.00858747685468866,
"Philosophy": 0.004836267637906051,
"Business": 0.01100640615411362,
"Sociology": 0.009364903378520851,
"Computer Sci": 0.009282795959374236,
"Mathematics": 0.0033978083705989036,
"Art": 0.004487916363413755,
"Chemistry": 0.008378369248892351,
"Linguistics": 0.004973758943823284,
"Environmental Sci": 0.0030533537975488364,
"Law": 0.004476917981236576,
"Engineering": 0.0013756278387268253,
"History": 0.002106063371202431,
"Geology": 0.0006610327434749562,
"Agricultural And Food Sci": 0.0010746364740708528,
"Materials Sci": 0.00030959177671485705,
"Geography": 0.00015805851116260853
},
"Biology": {
"Biology": 0.5834797676794343,
"Chemistry": 0.09177846142698949,
"Physics": 0.005684626494039936,
"Medicine": 0.22270032473763066,
"Engineering": 0.009622394106769806,
"Materials Sci": 0.0042396193171015065,
"Environmental Sci": 0.015181865451031507,
"Psychology": 0.03794901565798741,
"Agricultural And Food Sci": 0.013284501168567319,
"Computer Sci": 0.009866416387075212,
"Business": 0.00039616663707351985,
"Geology": 0.0005960228128267216,
"Art": 0.0004351212912583576,
"Political Sci": 0.000597629632056125,
"Education": 0.0008142181520515147,
"Mathematics": 0.0012293881045447794,
"Economics": 0.0006963311812542812,
"Geography": 0.000607806153842347,
"History": 0.0002468074336363707,
"Linguistics": 0.00018224008093484185,
"Philosophy": 0.00021322491174183847,
"Sociology": 0.00015509019202202147,
"Law": 4.296099013015038e-05
},
"Physics": {
"Computer Sci": 0.022122576630441936,
"Physics": 0.6278342847763878,
"Environmental Sci": 0.030306774885826976,
"Mathematics": 0.03272768866295673,
"Biology": 0.02547506641742334,
"Engineering": 0.046418755452221246,
"Geology": 0.02376626569060802,
"Materials Sci": 0.07586681738373262,
"Medicine": 0.02729230202804802,
"Chemistry": 0.06963427791570395,
"Geography": 0.00031853980294503734,
"Agricultural And Food Sci": 0.001291550509755292,
"Economics": 0.001812838459110705,
"Business": 0.004727417054290136,
"Psychology": 0.0038516228575548686,
"Education": 0.0028505098426713283,
"Art": 0.0011963352673565366,
"Political Sci": 0.00031820156052088546,
"Linguistics": 0.0007273057725325899,
"Philosophy": 0.0008314844391713703,
"History": 0.00039605369181317754,
"Sociology": 0.00018654069691976437,
"Law": 4.679020200767737e-05
},
"Engineering": {
"Engineering": 0.37092307454753054,
"Biology": 0.1252257970990393,
"Physics": 0.11864502453402102,
"Environmental Sci": 0.040869239575720626,
"Mathematics": 0.03230488576930628,
"Computer Sci": 0.0658097052721802,
"Chemistry": 0.05410906461559729,
"Medicine": 0.051129450706365896,
"Business": 0.016337594102038656,
"Geology": 0.010585717547646532,
"Materials Sci": 0.07891327575800716,
"Education": 0.0028753726709110894,
"Agricultural And Food Sci": 0.014903669048378173,
"Psychology": 0.004018689215353066,
"Economics": 0.007940263831576476,
"Art": 0.0019754365108924743,
"Philosophy": 0.000307746379653151,
"History": 0.0006341577667103711,
"Sociology": 0.0006285582644891503,
"Geography": 0.0003289566153395931,
"Linguistics": 0.00017392393262882547,
"Political Sci": 0.0012119245868090545,
"Law": 0.0001484716498050949
},
"Mathematics": {
"Mathematics": 0.5835360781084719,
"Computer Sci": 0.15900370090546434,
"Physics": 0.09684026042167682,
"Engineering": 0.029625445028502492,
"Environmental Sci": 0.0417416514018031,
"Biology": 0.011973572712930494,
"Psychology": 0.004523536807862083,
"Medicine": 0.00817043370073621,
"Business": 0.009089089732732418,
"Geology": 0.007339297070362452,
"Materials Sci": 0.004968278256923112,
"Economics": 0.023218157290480976,
"Agricultural And Food Sci": 0.00250786887875569,
"Philosophy": 0.004844271174740863,
"Chemistry": 0.004632319426593974,
"Sociology": 0.0007246504390896859,
"Art": 0.0018487942012315145,
"Geography": 0.000336809359013516,
"Education": 0.0031246722806663007,
"Law": 0.0001870312576946267,
"History": 0.0006497188619960224,
"Political Sci": 0.0006610308934982441,
"Linguistics": 0.0004533317887732425
},
"Agricultural And Food Sci": {
"Agricultural And Food Sci": 0.4567655588480047,
"Chemistry": 0.049175670235965224,
"Biology": 0.23936160495676176,
"Environmental Sci": 0.12002629757559184,
"Medicine": 0.06344378964299456,
"Computer Sci": 0.005101783687300246,
"Mathematics": 0.004119996158717199,
"Materials Sci": 0.01022439446306522,
"Geology": 0.004012235523520855,
"Economics": 0.009713100103588109,
"Engineering": 0.018884980235946033,
"Business": 0.0032829320161894006,
"History": 0.000958543644869851,
"Psychology": 0.00453909688768662,
"Physics": 0.005056291070858517,
"Art": 0.0006564442388114997,
"Political Sci": 0.0011596352259849276,
"Philosophy": 0.0001715213804279533,
"Geography": 0.0011894186733116215,
"Education": 0.001321276178779443,
"Sociology": 0.0005981568239955355,
"Linguistics": 0.00013043586120401753,
"Law": 0.00010683656642487104
},
"Environmental Sci": {
"Environmental Sci": 0.561375327934309,
"Biology": 0.12170030398923519,
"Physics": 0.043633245651795244,
"Agricultural And Food Sci": 0.056230601108934825,
"Mathematics": 0.022440169036517577,
"Engineering": 0.021694827742047774,
"Psychology": 0.0055916980510939095,
"Economics": 0.012483194352500698,
"Sociology": 0.0018973749882745217,
"Computer Sci": 0.012394444986879142,
"Chemistry": 0.023527157044442554,
"Medicine": 0.017520365731046407,
"Geology": 0.03448728539847402,
"Geography": 0.04406768529976911,
"Political Sci": 0.0028936615628344987,
"Materials Sci": 0.007043827302100505,
"Philosophy": 0.00040041789587384817,
"History": 0.003107552414151808,
"Business": 0.003828388286770882,
"Art": 0.0011971752603718501,
"Education": 0.0020274315016814448,
"Law": 0.0002551631407501148,
"Linguistics": 0.0002027013201450707
},
"Computer Sci": {
"Art": 0.011097596944082903,
"Computer Sci": 0.6375032304045809,
"Business": 0.0631812698339018,
"Mathematics": 0.07792065083231652,
"Materials Sci": 0.004240598707733856,
"Biology": 0.04155750876414304,
"Psychology": 0.016983257181407786,
"Medicine": 0.01586340532495849,
"Philosophy": 0.0060356409787676035,