{
  "Art": {
    "Art": 0.19178647374305424,
    "Engineering": 0.022998981020780858,
    "Chemistry": 0.01091707739757465,
    "Materials Sci": 0.014971546184950382,
    "Physics": 0.004868326280811642,
    "Geography": 0.040678835922507664,
    "Medicine": 0.019991568951122144,
    "Geology": 0.01270038852238654,
    "Environmental Sci": 0.0031166023418973603,
    "Computer Sci": 0.0478222195184631,
    "Mathematics": 0.009482785178668433,
    "Political Sci": 0.043448759150047325,
    "Biology": 0.024454331363618815,
    "Psychology": 0.08642800012946847,
    "Economics": 0.00899415871040049,
    "Sociology": 0.18795194536118778,
    "Philosophy": 0.06452287165736405,
    "Business": 0.007231905709520339,
    "History": 0.19763322285617574
  },
  "Political Sci": {
    "Art": 0.004207191293673681,
    "Engineering": 0.019817344976214193,
    "Chemistry": 0.003056731704185874,
    "Materials Sci": 0.0011367895857553013,
    "Physics": 0.0006477072299923316,
    "Geography": 0.038558655938817556,
    "Medicine": 0.040162999275423765,
    "Geology": 0.000893437103850556,
    "Environmental Sci": 0.0064963555902126475,
    "Computer Sci": 0.02631231375445398,
    "Mathematics": 0.002653829806736525,
    "Political Sci": 0.318257630569668,
    "Biology": 0.006416977114432592,
    "Psychology": 0.0982289486565226,
    "Economics": 0.10549287165438215,
    "Sociology": 0.22071924823696576,
    "Philosophy": 0.004919880570394444,
    "Business": 0.0783519707654753,
    "History": 0.023669116172842734
  },
  "Philosophy": {
    "Art": 0.038066013546739184,
    "Engineering": 0.007411841413682711,
    "Chemistry": 0.01348240289641218,
    "Materials Sci": 0.006260936698735736,
    "Physics": 0.014542634830613087,
    "Geography": 0.009417553422634109,
    "Medicine": 0.022378870006459967,
    "Geology": 0.0022788590580038667,
    "Environmental Sci": 0.002161473549320161,
    "Computer Sci": 0.05979324348576268,
    "Mathematics": 0.04515805469637975,
    "Political Sci": 0.048067108392349026,
    "Biology": 0.03054167768723459,
    "Psychology": 0.14413586018181962,
    "Economics": 0.01571272756140259,
    "Sociology": 0.20013514382922817,
    "Philosophy": 0.26999833327627093,
    "Business": 0.005320723922451822,
    "History": 0.06513654154449983
  },
  "Chemistry": {
    "Art": 0.00012291442998405144,
    "Engineering": 0.0041377899548538455,
    "Chemistry": 0.6061919953861763,
    "Materials Sci": 0.14861412023698606,
    "Physics": 0.014240130029734196,
    "Geography": 0.0008537815372510776,
    "Medicine": 0.059650392436203924,
    "Geology": 0.00608174879144198,
    "Environmental Sci": 0.022714745975594718,
    "Computer Sci": 0.009431737652700252,
    "Mathematics": 0.0038974998372965303,
    "Political Sci": 0.00022521579422568543,
    "Biology": 0.11872393113905626,
    "Psychology": 0.003231821259294903,
    "Economics": 0.00010367091030452001,
    "Sociology": 8.976582527827907e-5,
    "Philosophy": 0.00013075438244608277,
    "Business": 0.0014084709843196338,
    "History": 0.00014951343685166814
  },
  "Biology": {
    "Art": 0.00013054547862780647,
    "Engineering": 0.0010958212343597999,
    "Chemistry": 0.11303536748563217,
    "Materials Sci": 0.004001328571261361,
    "Physics": 0.0013841804061264459,
    "Geography": 0.014023224823034761,
    "Medicine": 0.1265762509836172,
    "Geology": 0.002969445588542362,
    "Environmental Sci": 0.014175484557874294,
    "Computer Sci": 0.009988598129998716,
    "Mathematics": 0.0036208110354141944,
    "Political Sci": 0.00047792964426487044,
    "Biology": 0.6954593249640002,
    "Psychology": 0.009488225661492085,
    "Economics": 0.00042314791846887335,
    "Sociology": 0.0006034703364753056,
    "Philosophy": 0.0002162492425226468,
    "Business": 0.0018565707366755277,
    "History": 0.00047402320161136986
  },
  "Engineering": {
    "Art": 0.0009540645007529309,
    "Engineering": 0.29394296185567353,
    "Chemistry": 0.020341015635269424,
    "Materials Sci": 0.09905041852899912,
    "Physics": 0.02137239948398663,
    "Geography": 0.010564509305702104,
    "Medicine": 0.011708456807988678,
    "Geology": 0.024802806962116505,
    "Environmental Sci": 0.03841953627448403,
    "Computer Sci": 0.34709364205355137,
    "Mathematics": 0.03144988873935252,
    "Political Sci": 0.008954521873109708,
    "Biology": 0.005751709951533914,
    "Psychology": 0.01793576398116921,
    "Economics": 0.012857800018299486,
    "Sociology": 0.011143428595897861,
    "Philosophy": 0.00027343037418546334,
    "Business": 0.04196273701078005,
    "History": 0.0014209080471474672
  },
  "Environmental Sci": {
    "Art": 0.00014914605135180867,
    "Engineering": 0.02786059258299474,
    "Chemistry": 0.09792705461730344,
    "Materials Sci": 0.0515697913585452,
    "Physics": 0.011558494890127294,
    "Geography": 0.06227537954866694,
    "Medicine": 0.007498559178492401,
    "Geology": 0.06978596245272464,
    "Environmental Sci": 0.49519506323329127,
    "Computer Sci": 0.033010474155779714,
    "Mathematics": 0.01900494045484879,
    "Political Sci": 0.0033600965475994826,
    "Biology": 0.09301388811602512,
    "Psychology": 0.0012507267305017385,
    "Economics": 0.008386175878714769,
    "Sociology": 0.0012333555259114366,
    "Philosophy": 9.304613503499407e-5,
    "Business": 0.015955743096866405,
    "History": 0.0008715094452197929
  },
  "Computer Sci": {
    "Art": 0.0007009230866721415,
    "Engineering": 0.07393512163017443,
    "Chemistry": 0.013667422522228285,
    "Materials Sci": 0.02803989076807436,
    "Physics": 0.018130991569157574,
    "Geography": 0.008683661472792432,
    "Medicine": 0.019030407988287323,
    "Geology": 0.007137032612036441,
    "Environmental Sci": 0.00983793332342903,
    "Computer Sci": 0.6584264546421084,
    "Mathematics": 0.06818883066938675,
    "Political Sci": 0.00389124563530359,
    "Biology": 0.02081489471491741,
    "Psychology": 0.033843399940018955,
    "Economics": 0.007186047108142237,
    "Sociology": 0.007097102878393531,
    "Philosophy": 0.0008214852820281805,
    "Business": 0.019644614399044292,
    "History": 0.0009225397578047211
  },
  "History": {
    "Art": 0.060645395885858676,
    "Engineering": 0.01338657116435949,
    "Chemistry": 0.005951903108688425,
    "Materials Sci": 0.003164470103971024,
    "Physics": 0.00418083995280742,
    "Geography": 0.08299232491146231,
    "Medicine": 0.029150519112190104,
    "Geology": 0.018115941281269882,
    "Environmental Sci": 0.006904298408664053,
    "Computer Sci": 0.031842609402153714,
    "Mathematics": 0.010959252958874477,
    "Political Sci": 0.10506106783427785,
    "Biology": 0.03563918932277162,
    "Psychology": 0.0634417027796116,
    "Economics": 0.030340239351487934,
    "Sociology": 0.18460000532433343,
    "Philosophy": 0.03766842073873269,
    "Business": 0.013029964646838822,
    "History": 0.2629252837116465
  },
  "Psychology": {
    "Art": 0.0018354332801998703,
    "Engineering": 0.009758599802779211,
    "Chemistry": 0.00510965925563672,
    "Materials Sci": 0.000506833267326559,
    "Physics": 0.0015592651053763819,
    "Geography": 0.005390684630677474,
    "Medicine": 0.1482529764167239,
    "Geology": 0.00020607912180712492,
    "Environmental Sci": 0.0006487188926755694,
    "Computer Sci": 0.054198935945493305,
    "Mathematics": 0.008552364316044427,
    "Political Sci": 0.020989092793487412,
    "Biology": 0.02263163407741064,
    "Psychology": 0.6360035501172553,
    "Economics": 0.009461156860258247,
    "Sociology": 0.0467326231383612,
    "Philosophy": 0.0031859310745752487,
    "Business": 0.022607151942348795,
    "History": 0.002369309961562702
  },
  "Sociology": {
    "Art": 0.009656848940685712,
    "Engineering": 0.020917450275412693,
    "Chemistry": 0.000722593243544221,
    "Materials Sci": 0.0003225455645473416,
    "Physics": 0.0006459934208682991,
    "Geography": 0.03171232658783169,
    "Medicine": 0.04210905478288248,